State,2021 natural cause deaths (CDC)**,2021 natural cause death rate (CDC)**,2020 natural cause deaths (CDC),2020 natural cause death rate (CDC),2019 natural cause deaths (CDC),2019 natural cause death rate (CDC),2018 natural cause deaths (CDC),2018 natural cause death rate (CDC),2021 external cause deaths (CDC)**,2021 external cause death rate (CDC)**,2020 external cause deaths (CDC),2020 external cause death rate (CDC),2019 external cause deaths (CDC),2019 external cause death rate (CDC),2018 external cause deaths (CDC),2018 external cause deaths rate (CDC),2021 flu and pneumonia deaths (CDC)**,2021 flu and pneumonia death rate (CDC)**,2020 flu and pneumonia deaths (CDC),2020 flu and pneumonia death rate (CDC),2019 flu and pneumonia deaths (CDC),2019 flu and pneumonia death rate (CDC),2018 flu and pneumonia deaths (CDC),2018 flu and pneumonia death rate (CDC),2021 alzheimer deaths (CDC)**,2021 alzheimer death rate (CDC)**,2020 alzheimer deaths (CDC),2020 alzheimer death rate (CDC),2019 alzheimer deaths (CDC),2019 alzheimer death rate (CDC),2018 alzheimer deaths (CDC),2018 alzheimer death rate (CDC),2021 diabetes deaths (CDC)**,2021 diabetes death rates (CDC)**,2020 diabetes deaths (CDC),2020 diabetes death rates (CDC),2019 diabetes deaths (CDC),2019 diabetes death rates (CDC),2018 diabetes deaths (CDC),2018 diabetes death rates (CDC),2021 stroke deaths (CDC)**,2021 stroke death rate (CDC)**,2020 stroke deaths (CDC),2020 stroke death rate (CDC),2019 stroke deaths (CDC),2019 stroke death rate (CDC),2018 stroke deaths (CDC),2018 stroke death rate (CDC),2021 respiratory deaths (CDC)**,2021 respiratory death rates (CDC)**,2020 respiratory deaths (CDC),2020 respiratory death rates (CDC),2019 respiratory deaths (CDC),2019 respiratory death rates (CDC),2018 respiratory deaths (CDC),2018 respiratory death rates (CDC),2021 heart disease deaths (CDC)**,2021 heart disease death rates (CDC)**,2020 heart diease deaths (CDC),2020 heart disease death rates (CDC),2019 heart disease deaths (CDC),2019 heart disease death rates (CDC),2018  heart disease deaths (CDC),2018  heart disease death rates (CDC),2021 drug overdose unintentional deaths (CDC),2021 drug overdose unintentional death rates (CDC)**,2020 drug overdose unintentional deaths (CDC),2020 drug overdose unintentional death rates (CDC),2019 drug overdose unintentional deaths (CDC),2019 drug overdose unintentional death rates (CDC),2018 drug overdose unintentional deaths (CDC),2018 drug overdose unintentional death rate (CDC),2021 transport accident deaths (CDC)**,2021 transport accident death rates (CDC)**,2020 transport accident deaths (CDC),2020 transport accident death rates (CDC),2019 transport accident deaths (CDC),2019 transport accident death rates (CDC),2018 transport accident deaths (CDC),2018 transport accident death rates (CDC),2021 deaths from ill-defined conditions (CDC)**,2021 ill-defined conditions death rate (CDC)**,2020 deaths from ill-defined conditions (CDC),2020 ill-defined conditions death rate (CDC),2019 deaths from ill-defined conditions (CDC),2019 ill-defined conditions death rate (CDC),2018 ill-defined conditions deaths (CDC),2018 ill-defined conditions death rate (CDC)
Alabama,"56,083","1,140","60,185","1,223","49,812","1,016",50124,1025.5,"2,176",44,"4,594",93,"4,296",88,4228,86.5,884,18,"1,113",22.6,"1,018",20.8,1268,25.9,"2,380",48.4,"3,093",62.8,"2,659",54.2,2616,53.5,"1,390",28.2,"1,450",29.5,"1,224",25,1176,24.1,"2,903",59,"3,391",68.9,"3,141",64.1,3088,63.2,"2,804",57,"3,431",69.7,"3,530",72,3596,73.6,"13,049",265.1,"14,739",299.5,"13,448",274.3,13110,268.2,534,8.6,963,19.6,696,14.2,686,14,448,9.1,"1,017",20.7,"1,052",21.5,1090,22.3,"1,303.00",26.5,"1,136.00",23.1,991,20.2,976,20
Alaska,"4,195",574,"4,389",600,"3,855",527,3763,510.3,341,47,781,107,758,104,690,93.6,26,3.6,52,7.1,45,6.2,68,9.2,108,14.8,139,19,128,17.5,131,17.8,133,18.2,174,23.8,111,15.2,122,16.5,206,28.2,212,29,210,28.7,216,29.3,182,24.9,205,28,202,27.6,222,30.1,791,108.2,915,125.1,843,115.2,785,106.4,99,10.1,140,19.1,112,15.3,95,12.9,37,5.1,108,14.8,124,17,134,18.2,65,8.9,54,7.4,50,6.8,67,9.1
Arizona,"62,860",847,"68,117",918,"53,567",736,52879,737.3,"3,380",46,"7,630",103,"6,669",92,6403,89.3,760,10.2,"1,113",15,955,13.1,1116,15.6,"2,395",32.3,"3,238",43.6,"3,047",41.9,3012,42,"2,179",29.4,"2,566",34.6,"2,173",29.9,2046,28.5,"2,861",38.6,"3,227",43.5,"2,851",39.2,2836,39.5,"3,071",41.4,"3,696",49.8,"3,685",50.6,3832,53.4,"12,457",167.9,"14,197",191.3,"12,587",172.9,12149,169.4,"1,036",10.8,"2,316",31.2,"1,687",23.2,1439,20.1,584,7.9,"1,133",15.3,"1,066",14.6,1085,15.1,"1,519.00",20.5,"1,028.00",13.9,949,13,1131,15.8
Arkansas,"32,440","1,070","35,166","1,160","30,396","1,007",29839,990.1,"1,341",44,"2,942",97,"2,492",83,2497,82.9,448,14.8,691,22.8,623,20.6,670,22.2,"1,377",45.4,"1,782",58.8,"1,507",49.9,1457,48.3,"1,277",42.1,"1,306",43.1,"1,144",37.9,1194,39.6,"1,601",52.8,"1,684",55.6,"1,561",51.7,1551,51.5,"2,028",66.9,"2,415",79.7,"2,364",78.3,2385,79.1,"7,338",242.1,"8,621",284.5,"8,669",287.3,7955,264,240,6.3,456,15,319,10.6,349,11.6,298,9.8,723,23.9,584,19.4,565,18.7,490,16.2,231,7.6,220,7.3,211,7
California,"269,755",685,"294,066",747,"247,844",627,247659,626.1,"11,382",29,"25,742",65,"21,987",56,21159,53.5,"3,900",9.9,"6,064",15.4,"5,664",14.3,6917,17.5,"14,900",37.8,"18,773",47.7,"16,859",42.7,16627,42,"9,810",24.9,"11,643",29.6,"9,854",24.9,9506,24,"15,971",40.6,"17,915",45.5,"16,851",42.6,16457,41.6,"9,833",25,"12,908",32.8,"13,096",33.1,13634,34.5,"55,441",140.8,"66,585",169.1,"62,394",157.9,61285,154.9,"4,055",8.4,"8,543",21.7,"5,603",14.2,4780,12.1,"2,150",5.5,"4,826",12.3,"4,416",11.2,4399,11.1,"7,106.00",18.1,"1,478.00",3.8,"1,441.00",3.6,1268,3.2
Colorado,"36,116",622,"41,468",714,"34,583",601,33787,593.2,"2,529",44,"5,450",94,"4,807",84,4739,83.2,236,4.1,448,7.7,468,8.1,568,10,"1,547",26.6,"2,164",37.3,"1,909",33.1,1649,29,"1,020",17.6,"1,168",20.1,"1,046",18.2,974,17.1,"1,789",30.8,"2,191",37.7,"1,990",34.6,1996,35,"1,939",33.4,"2,490",42.9,"2,516",43.7,2636,46.3,"6,821",117.4,"8,023",138.1,"7,762",134.8,6901,121.2,700,9.7,"1,307",22.5,891,15.5,838,14.7,289,5,762,13.1,708,12.3,713,12.5,"1,087.00",18.7,245,4.2,256,4.4,255,4.5
Connecticut,"25,658",721,"34,787",978,"28,914",811,28573,799.8,"1,357",38,"3,066",86,"2,831",79,2657,74.4,326,9.2,527,14.8,563,15.8,757,21.2,839,23.6,"1,084",30.5,967,27.1,986,27.6,621,17.5,861,24.2,761,21.3,708,19.8,"1,190",33.5,"1,467",41.2,"1,375",38.6,1388,38.9,968,27.2,"1,236",34.7,"1,399",39.2,1427,39.9,"5,392",151.6,"7,110",199.9,"7,354",206.3,7038,197,610,13.9,"1,303",36.6,"1,127",31.6,993,27.8,131,3.7,341,9.6,292,8.2,317,8.9,724,20.4,356,10,447,12.5,388,10.9
Delaware,"8,870",899,"10,110","1,025","8,372",860,8576,886.7,457,46,962,98,930,96,857,88.6,97,9.8,156,15.8,132,13.6,167,17.3,340,34.5,474,48,339,34.8,412,42.6,270,27.4,326,33,267,27.4,238,24.6,666,67.5,716,72.6,594,61,605,62.6,429,43.5,468,47.4,474,48.7,532,55,"1,887",191.2,"2,171",220,"2,053",210.8,1962,202.9,221,18.6,426,43.2,408,41.9,379,39.2,48,4.9,128,13,139,14.3,127,13.1,128,13,40,4.1,54,5.5,60,6.2
District of Columbia,"4,275",600,"5,364",753,"4,247",602,4385,624.2,402,56,834,117,680,96,623,88.7,56,7.9,89,12.5,78,11.1,79,11.2,58,8.1,88,12.3,81,11.5,105,14.9,130,18.2,173,24.3,128,18.1,144,20.5,250,35.1,271,38,271,38.4,252,35.9,98,13.7,150,21,135,19.1,154,21.9,"1,072",150.4,"1,350",189.4,"1,187",168.2,1250,177.9,174,19.5,392,55,284,40.2,232,33,30,4.2,49,6.9,49,6.9,43,6.1,138,19.4,31,4.3,21,3,25,3.6
Florida,"214,358",986,"218,268","1,004","188,241",876,187332,879.5,"9,630",44,"21,417",99,"18,761",87,18094,85,"2,463",11.3,"3,192",14.7,"2,705",12.6,3091,14.5,"5,956",27.4,"7,274",33.5,"6,539",30.4,6725,31.6,"7,072",32.5,"7,528",34.6,"6,174",28.7,6204,29.1,"13,669",62.9,"15,358",70.7,"13,902",64.7,13255,62.2,"9,633",44.3,"11,791",54.3,"12,014",55.9,12362,58,"43,489",200.1,"49,288",226.8,"47,144",219.5,45991,215.9,"3,076",11.5,"6,824",31.4,"4,787",22.3,4212,19.8,"1,757",8.1,"3,758",17.3,"3,526",16.4,3381,15.9,"5,989.00",27.6,"3,242.00",14.9,"3,020.00",14.1,2984,14
Georgia,"88,946",831,"94,699",884,"78,547",740,78158,743,"3,977",37,"8,376",78,"7,267",68,7044,67,"1,073",10,"1,574",14.7,"1,299",12.2,1530,14.5,"3,755",35.1,"4,781",44.6,"4,221",39.8,4513,42.9,"2,487",23.2,"2,831",26.4,"2,375",22.4,2471,23.5,"4,455",41.6,"4,821",45,"4,539",42.8,4553,43.3,"4,030",37.6,"4,827",45.1,"4,749",44.7,4988,47.4,"18,484",172.6,"21,117",197.2,"19,543",184.1,18412,175,"1,008",7.6,"1,800",16.8,"1,241",11.7,1227,11.7,834,7.8,"1,874",17.5,"1,614",15.2,1592,15.1,"1,348.00",12.6,"1,276.00",11.9,"1,156.00",10.9,1161,11
Hawaii,"10,482",745,"11,108",790,"10,595",748,10527,741.1,406,29,925,66,964,68,888,62.5,176,12.5,241,17.1,366,25.8,542,38.2,479,34,572,40.7,471,33.3,480,33.8,301,21.4,339,24.1,311,22,316,22.2,807,57.4,835,59.3,807,57,786,55.3,322,22.9,376,26.7,367,25.9,392,27.6,"2,258",160.5,"2,623",186.4,"2,503",176.8,2509,176.6,90,5.2,249,17.7,203,14.3,194,13.7,45,3.2,93,6.6,140,9.9,124,8.7,424,30.1,139,9.9,179,12.6,120,8.4
Idaho,"14,635",801,"14,905",816,"13,026",729,12854,732.8,676,37,"1,497",82,"1,404",79,1407,80.2,129,7.1,179,9.8,231,12.9,235,13.4,694,38,749,41,650,36.4,666,38,480,26.3,488,26.7,422,23.6,408,23.3,662,36.2,772,42.3,683,38.2,718,40.9,783,42.9,870,47.6,993,55.6,900,51.3,"2,932",160.5,"3,191",174.7,"3,061",171.3,3011,171.6,113,4.7,238,13,219,12.3,200,11.4,130,7.1,257,14.1,294,16.5,288,16.4,371,20.3,166,9.1,199,11.1,177,10.1
Illinois,"99,288",789,"122,447",973,"100,225",791,101211,794.4,"4,311",34,"10,216",81,"8,871",70,8811,69.2,"1,427",11.3,"2,428",19.3,"2,108",16.6,2564,20.1,"3,516",27.9,"4,636",36.8,"3,954",31.2,4030,31.6,"2,887",22.9,"3,485",27.7,"2,825",22.3,2878,22.6,"5,839",46.4,"6,762",53.7,"6,153",48.6,5855,46,"4,263",33.9,"5,430",43.1,"5,539",43.7,5639,44.3,"22,430",178.2,"27,460",218.2,"25,690",202.7,25113,197.1,"1,448",9.2,"3,350",26.6,"2,570",20.3,2470,19.4,554,4.4,"1,402",11.1,"1,217",9.6,1247,9.8,"2,876.00",22.8,"1,298.00",10.3,"1,234.00",9.7,1155,9.1
Indiana,"60,272",892,"71,602","1,060","60,383",897,60103,898.1,"2,990",44,"6,592",98,"5,618",83,5590,83.5,602,8.9,"1,021",15.1,933,13.9,1118,16.7,"1,946",28.8,"2,803",41.5,"2,561",38,2668,39.9,"2,169",32.1,"2,446",36.2,"2,045",30.4,2093,31.3,"2,984",44.2,"3,317",49.1,"3,361",49.9,3151,47.1,"3,623",53.6,"4,529",67,"4,644",69,4618,69,"12,956",191.8,"15,169",224.6,"14,555",216.2,13996,209.1,"1,081",13.2,"2,087",30.9,"1,515",22.5,1444,21.6,397,5.9,989,14.6,932,13.8,908,13.6,495,7.3,431,6.4,453,6.7,434,6.5
Iowa,"26,888",850,"33,559","1,061","28,604",907,28221,894.2,"1,025",32,"2,422",77,"2,263",72,2146,68,298,9.4,538,17,585,18.5,697,22.1,"1,028",32.5,"1,467",46.4,"1,344",42.6,1439,45.6,858,27.1,"1,047",33.1,861,27.3,898,28.5,"1,202",38,"1,408",44.5,"1,412",44.8,1440,45.6,"1,432",45.3,"1,704",53.9,"1,879",59.6,1862,59,"6,556",207.2,"7,500",237.1,"7,505",237.9,6966,220.7,178,4.6,346,10.9,281,8.9,221,7,147,4.6,385,12.2,392,12.4,378,12,371,11.7,416,13.1,380,12,352,11.2
Kansas,"25,343",870,"29,519","1,013","25,385",871,25243,867,"1,125",39,"2,541",87,"2,297",79,2294,78.8,328,11.3,517,17.7,525,18,630,21.6,706,24.2,979,33.6,839,28.8,899,30.9,789,27.1,"1,041",35.7,884,30.3,803,27.6,"1,163",39.9,"1,383",47.5,"1,303",44.7,1296,44.5,"1,295",44.4,"1,642",56.4,"1,780",61.1,1837,63.1,"5,422",186.1,"6,265",215,"6,140",210.8,5656,194.3,265,7.2,430,14.8,339,11.6,266,9.1,164,5.6,455,15.6,434,14.9,429,14.7,638,21.9,402,13.8,465,16,434,14.9
Kentucky,"46,191","1,032","50,555","1,129","44,694","1,000",44456,994.9,"2,386",53,"5,325",119,"4,296",96,4251,95.1,607,13.6,898,20.1,850,19,969,21.7,"1,398",31.2,"1,719",38.4,"1,684",37.7,1674,37.5,"1,493",33.3,"1,549",34.6,"1,611",36.1,1506,33.7,"2,076",46.4,"2,328",52,"2,296",51.4,2204,49.3,"2,734",61.1,"3,236",72.3,"3,517",78.7,3421,76.6,"9,844",219.9,"11,345",253.4,"10,742",240.4,10317,230.9,"1,006",18.5,"2,010",44.9,"1,288",28.8,1253,28,331,7.4,897,20,790,17.7,806,18,550,12.3,744,16.6,682,15.3,684,15.3
Louisiana,"44,150",950,"51,311","1,105","41,493",893,41774,896.4,"2,669",58,"5,441",117,"4,445",96,4274,91.7,554,11.9,778,16.7,656,14.1,824,17.7,"1,849",39.8,"2,450",52.7,"2,165",46.6,2166,46.5,"1,661",35.8,"1,843",39.7,"1,458",31.4,1457,31.3,"2,384",51.3,"2,566",55.2,"2,386",51.3,2485,53.3,"1,816",39.1,"2,367",51,"2,155",46.4,2341,50.2,"10,641",229.1,"12,255",263.8,"11,302",243.1,11060,237.3,956,17.2,"1,760",37.9,"1,128",24.3,1011,21.7,435,9.4,931,20,842,18.1,851,18.3,534,11.5,687,14.8,628,13.5,598,12.8
Maine,"13,524","1,002","14,280","1,058","13,692","1,019",13378,999.5,660,49,"1,460",108,"1,373",102,1337,99.9,178,13.2,237,17.6,301,22.4,312,23.3,460,34.1,587,43.5,544,40.5,580,43.3,494,36.6,501,37.1,477,35.5,478,35.7,565,41.8,594,44,643,47.8,690,51.6,786,58.2,888,65.8,"1,018",75.7,938,70.1,"2,860",211.8,"3,035",224.8,"2,940",218.7,2889,215.9,243,14.5,452,33.5,333,24.8,308,23,66,4.9,201,14.9,178,13.2,162,12.1,221,16.4,56,4.1,43,3.2,61,4.6
Maryland,"45,428",750,"54,035",892,"45,293",749,45307,749.8,"2,640",44,"6,037",100,"5,507",91,5261,87.1,537,8.9,907,15,827,13.7,973,16.1,"1,010",16.7,"1,172",19.4,"1,012",16.7,1122,18.6,"1,513",25,"1,784",29.5,"1,514",25,1419,23.5,"2,979",49.2,"3,167",52.3,"3,049",50.4,2883,47.7,"1,593",26.3,"2,083",34.4,"2,155",35.6,2234,37,"10,412",171.9,"12,624",208.5,"11,770",194.7,11272,186.5,423,5.6,997,16.5,602,10,619,10.2,267,4.4,663,10.9,602,10,543,9,650,10.7,217,3.6,187,3.1,242,4
Masschusetts,"50,620",734,"63,121",916,"53,581",777,54151,784.6,"2,359",34,"5,102",74,"5,049",73,5001,72.5,682,9.9,"1,329",19.3,"1,217",17.7,1441,20.9,"1,332",19.3,"1,751",25.4,"1,663",24.1,1823,26.4,"1,317",19.1,"1,558",22.6,"1,383",20.1,1391,20.2,"1,980",28.7,"2,267",32.9,"2,464",35.7,2466,35.7,"2,072",30.1,"2,546",36.9,"2,839",41.2,2760,40,"10,128",146.9,"11,785",171,"11,761",170.6,11720,169.8,"1,047",12.7,"2,191",31.8,"2,086",30.3,2123,30.8,187,2.7,418,6.1,443,6.4,416,6,"1,985.00",28.8,707,10.3,845,12.3,875,12.7
Michigan,"91,965",923,"108,145","1,085","91,028",912,90693,907.3,"3,804",38,"8,961",90,"8,056",81,8210,82.1,"1,090",10.9,"1,878",18.8,"1,662",16.6,1869,18.7,"3,598",36.1,"4,861",48.8,"4,467",44.7,4474,44.8,"2,940",29.5,"3,401",34.1,"2,916",29.2,2824,28.3,"4,986",50,"5,873",58.9,"5,178",51.8,5183,51.9,"4,469",44.8,"5,634",56.5,"5,792",58,5781,57.8,"22,582",226.6,"27,142",272.3,"25,547",255.8,24751,247.6,"1,079",8.8,"2,336",23.4,"1,947",19.5,2179,21.8,518,5.2,"1,310",13.1,"1,150",11.5,1068,10.7,"1,988.00",19.9,658,6.6,644,6.4,605,6.1
Minnesota,"39,422",697,"47,909",847,"41,491",736,40940,729.6,"1,973",35,"4,463",79,"4,023",71,3805,67.8,322,5.7,559,9.9,539,9.6,698,12.4,"1,915",33.8,"2,587",45.7,"2,552",45.3,2436,43.4,"1,340",23.7,"1,493",26.4,"1,404",24.9,1308,23.3,"2,073",36.6,"2,315",40.9,"2,365",41.9,2270,40.5,"1,794",31.7,"2,220",39.2,"2,273",40.3,2355,42,"7,296",129,"8,562",151.3,"8,401",149,8075,143.9,510,7.6,944,16.7,639,11.3,549,9.8,235,4.2,554,9.8,500,8.9,518,9.2,974,17.2,"1,116.00",19.7,"1,085.00",19.2,977,17.4
Mississippi,"32,807","1,106","36,837","1,242","30,056","1,010",29674,993.6,"1,589",54,"3,353",113,"2,908",98,2627,88,591,19.9,904,30.5,789,26.5,910,30.5,"1,489",50.2,"2,017",68,"1,662",55.8,1547,51.8,"1,294",43.6,"1,458",49.1,"1,159",38.9,1074,36,"1,696",57.2,"1,946",65.6,"1,851",62.2,1805,60.4,"1,818",61.3,"2,197",74.1,"2,078",69.8,2134,71.5,"7,609",256.5,"8,803",296.7,"7,997",268.7,7525,252,338,9.3,554,18.7,363,12.2,281,9.4,380,12.8,888,29.9,783,26.3,729,24.4,514,17.3,329,11.1,348,11.7,446,14.9
Missouri,"57,311",932,"67,334","1,095","56,501",921,57067,931.5,"2,930",48,"6,553",107,"5,900",96,6050,98.8,736,12,"1,167",19,"1,038",16.9,1477,24.1,"2,182",35.5,"2,873",46.7,"2,782",45.3,2641,43.1,"1,581",25.7,"1,844",30,"1,658",27,1606,26.2,"2,730",44.4,"3,275",53.2,"3,031",49.4,3039,49.6,"3,132",50.9,"3,876",63,"3,790",61.8,3978,64.9,"13,416",218.1,"15,934",259,"15,018",244.7,14527,237.1,887,11.8,"1,743",28.3,"1,431",23.3,1460,23.8,426,6.9,"1,079",17.5,"1,006",16.4,983,16,571,9.3,580,9.4,508,8.3,505,8.2
Montana,"9,868",913,"10,895","1,008","9,363",876,9039,850.9,558,52,"1,132",105,"1,039",97,953,89.7,79,7.3,120,11.1,153,14.3,152,14.3,300,27.8,346,32,326,30.5,310,29.2,271,25.1,342,31.6,282,26.4,267,25.1,394,36.5,453,41.9,413,38.6,418,39.3,489,45.3,663,61.4,759,71,690,65,"2,142",198.2,"2,424",224.3,"2,290",214.3,2262,212.9,73,4.7,134,12.4,110,10.3,91,8.6,112,10.4,230,21.3,210,19.6,195,18.4,180,16.7,72,6.7,71,6.6,94,8.8
Nebraska,"14,964",772,"18,240",941,"15,703",812,15743,816,517,27,"1,309",68,"1,267",66,1161,60.2,211,10.9,298,15.4,355,18.4,394,20.4,583,30.1,808,41.7,768,39.7,683,35.4,485,25,624,32.2,540,27.9,596,30.9,740,38.2,879,45.4,769,39.8,758,39.3,807,41.7,"1,061",54.8,"1,117",57.7,1142,59.2,"3,222",166.3,"3,532",182.3,"3,540",183,3401,176.3,70,3,177,9.1,122,6.3,115,6,92,4.7,247,12.7,280,14.5,263,13.6,268,13.8,268,13.8,274,14.2,209,10.8
Nevada,"26,106",832,"27,914",890,"23,218",754,22175,730.8,"1,242",40,"2,704",86,"2,368",77,2540,83.7,379,12.1,494,15.7,458,14.9,527,17.4,692,22.1,943,30,678,22,704,23.2,759,24.2,904,28.8,836,27.1,674,22.2,"1,234",39.3,"1,444",46,"1,284",41.7,1190,39.2,"1,218",38.8,"1,648",52.5,"1,661",53.9,1652,54.4,"6,233",198.6,"7,286",232.2,"6,864",222.8,6273,206.7,349,9.7,753,24,542,17.6,581,19.1,165,5.3,384,12.2,337,10.9,385,12.7,729,23.2,302,9.6,288,9.4,258,8.5
New Hampshire,"11,295",827,"12,543",918,"11,544",849,11474,845.9,489,36,"1,157",85,"1,200",88,1300,95.8,98,7.2,182,13.3,194,14.3,265,19.5,376,27.5,491,35.9,511,37.6,487,35.9,330,24.2,364,26.6,363,26.7,319,23.5,494,36.2,558,40.8,526,38.7,499,36.8,611,44.7,656,48,741,54.5,756,55.7,"2,470",180.8,"2,815",206,"2,707",199.1,2693,198.5,157,8.9,355,26,377,27.7,416,30.7,59,4.3,128,9.4,116,8.5,159,11.7,316,23.1,124,9.1,113,8.3,161,11.9
New Jersey,"68,402",770,"90,005","1,013","69,116",778,69792,783.4,"2,602",29,"5,997",68,"5,894",66,5973,67,"1,001",11.3,"1,638",18.4,"1,270",14.3,1465,16.4,"2,090",23.5,"2,677",30.1,"2,629",29.6,2710,30.4,"1,761",19.8,"2,443",27.5,"1,934",21.8,1880,21.1,"3,240",36.5,"3,725",41.9,"3,550",40,3444,38.7,"2,139",24.1,"2,945",33.2,"3,053",34.4,3210,36,"15,876",178.7,"19,743",222.3,"18,716",210.7,18622,209,"1,210",11.2,"2,733",30.8,"2,685",30.2,2766,31,258,2.9,666,7.5,638,7.2,640,7.2,"2,110.00",23.8,"1,267.00",14.3,"1,174.00",13.2,1121,12.6
New Mexico,"18,344",871,"21,078","1,001","16,986",810,16655,794.8,"1,238",59,"2,729",130,"2,526",121,2352,112.2,245,11.6,358,17,347,16.5,365,17.4,538,25.5,727,34.5,568,27.1,583,27.8,661,31.4,794,37.7,673,32.1,685,32.7,828,39.3,932,44.2,886,42.3,838,40,859,40.8,"1,161",55.1,"1,105",52.7,1160,55.4,"3,374",160.2,"4,224",200.5,"4,245",202.4,3827,182.6,365,13.6,740,35.1,546,26,455,21.7,181,8.6,432,20.5,423,20.2,409,19.5,688,32.7,124,5.9,120,5.7,130,6.2
New York,"148,680",769,"191,298",989,"146,059",751,146868,751.5,"5,333",28,"12,043",62,"10,316",53,10315,52.8,"3,196",16.5,"4,747",24.5,"4,286",22,4749,24.3,"3,120",16.1,"3,861",20,"3,753",19.3,3755,19.2,"4,190",21.7,"5,411",28,"4,564",23.5,4519,23.1,"5,799",30,"6,486",33.5,"6,192",31.8,6244,32,"5,151",26.6,"6,645",34.4,"7,118",36.6,7270,37.2,"36,529",188.9,"48,556",251.1,"43,806",225.2,43632,223.3,"2,105",8.7,"4,538",23.5,"3,238",16.6,3305,16.9,533,2.8,"1,319",6.8,"1,216",6.3,1146,5.9,"5,174.00",26.8,"2,435.00",12.6,"2,403.00",12.4,2036,10.4
North Carolina,"75,912",716,"99,276",937,"87,354",833,85477,823.2,"4,568",43,"10,173",96,"8,527",81,8408,81,938,8.8,"1,804",17,"1,733",16.5,2064,19.9,"3,038",28.7,"4,712",44.4,"4,508",43,4495,43.3,"2,549",24,"3,555",33.5,"3,124",29.8,3013,29,"3,936",37.1,"5,719",53.9,"5,202",49.6,5062,48.7,"3,149",29.7,"5,180",48.9,"5,411",51.6,5360,51.6,"14,453",136.3,"20,397",192.4,"19,617",187,18553,178.7,"1,536",11.8,"3,096",29.2,"2,078",19.8,2043,19.7,795,7.5,"1,843",17.4,"1,695",16.2,1641,15.8,"2,058.00",19.4,911,8.6,"1,024.00",9.8,834,8
North Dakota,"5,430",710,"7,423",970,"6,136",805,5895,775.6,270,35,629,82,566,74,550,72.4,98,12.8,147,19.2,141,18.5,152,20,276,36.1,426,55.7,403,52.9,356,46.8,175,22.9,225,29.4,183,24,214,28.2,231,30.2,310,40.5,308,40.4,329,43.3,267,34.9,330,43.1,338,44.4,328,43.2,"1,181",154.3,"1,449",189.3,"1,448",190,1331,175.1,47,5,103,13.5,65,8.5,54,7.1,45,5.9,108,14.1,107,14,115,15.1,113,14.8,78,10.2,96,12.6,61,8
Ohio,"113,621",972,"131,262","1,123","112,511",963,113589,971.7,"5,513",47,"12,438",106,"11,206",96,10675,91.3,"1,352",11.6,"2,043",17.5,"1,930",16.5,2395,20.5,"4,254",36.4,"5,955",50.9,"5,234",44.8,5391,46.1,"3,690",31.6,"4,382",37.5,"3,873",33.1,3845,32.9,"6,060",51.8,"7,053",60.3,"6,504",55.6,6525,55.8,"5,434",46.5,"7,042",60.2,"7,170",61.3,7518,64.3,"25,501",218.1,"30,547",261.2,"29,160",249.5,28489,243.7,"2,290",16.3,"5,021",42.9,"4,029",34.5,3762,32.2,593,5.1,"1,443",12.3,"1,354",11.6,1272,10.9,"3,598.00",30.8,"1,779.00",15.2,"1,685.00",14.4,1849,15.8
Oklahoma,"40,429","1,016","43,839","1,101","37,207",940,37117,941.3,"1,812",46,"3,970",100,"3,723",94,3816,96.8,461,11.6,657,16.5,640,16.2,809,20.5,"1,357",34.1,"1,817",45.6,"1,775",44.9,1739,44.1,"1,348",33.9,"1,552",39,"1,306",33,1340,34,"1,641",41.2,"1,955",49.1,"1,803",45.6,1861,47.2,"2,384",59.9,"2,936",73.8,"3,003",75.9,3013,76.4,"10,146",254.9,"11,758",295.4,"10,960",277,10481,265.8,332,6.9,685,17.2,554,14,615,15.6,334,8.4,764,19.2,723,18.3,733,18.6,"1,200.00",30.1,225,5.7,166,4.2,245,6.2
Oregon,"34,950",824,"36,594",863,"33,980",806,33003,787.5,"1,733",41,"3,626",86,"3,390",80,3184,76,180,4.2,391,9.2,487,11.5,530,12.6,"1,776",41.9,"2,008",47.3,"1,992",47.2,1868,44.6,"1,196",28.2,"1,363",32.1,"1,266",30,1224,29.2,"1,949",46,"2,234",52.7,"2,134",50.6,2024,48.3,"1,572",37.1,"1,970",46.4,"2,112",50.1,1919,45.8,"6,576",155,"7,371",173.8,"7,128",169,6568,156.7,414,7.6,700,16.5,496,11.8,434,10.4,235,5.5,590,13.9,583,13.8,525,12.5,985,23.2,583,13.7,456,10.8,442,10.5
Pennsylvania,"121,255",949,"142,842","1,117","122,318",956,122851,959.2,"5,684",45,"12,704",99,"11,665",91,11851,92.5,"1,546",12.1,"2,368",18.5,"2,483",19.4,2887,22.5,"3,539",27.7,"4,544",35.5,"4,150",32.4,4064,31.7,"3,565",27.9,"4,250",33.2,"3,654",28.5,3603,28.1,"5,819",45.5,"6,940",54.3,"6,658",52,6599,51.5,"4,765",37.3,"6,132",48,"6,341",49.5,6432,50.2,"27,623",216.1,"32,936",257.6,"32,299",252.3,31931,249.3,"2,203",13.7,"4,850",37.9,"4,058",31.7,4047,31.6,553,4.3,"1,318",10.3,"1,208",9.4,1343,10.5,"3,252.00",25.4,"2,523.00",19.7,"2,534.00",19.8,2518,19.7
Rhode Island,"8,592",813,"10,873","1,029","9,411",888,9212,871.3,432,41,946,90,845,80,871,82.4,87,8.2,142,13.4,178,16.8,192,18.2,369,34.9,501,47.4,456,43,470,44.5,238,22.5,331,31.3,265,25,249,23.6,366,34.6,406,38.4,407,38.4,424,40.1,324,30.6,446,42.2,499,47.1,466,44.1,"1,967",186.1,"2,319",219.4,"2,404",226.9,2361,223.3,172,13.2,377,35.7,280,26.4,297,28.1,34,3.2,83,7.9,82,7.7,71,6.7,204,19.3,53,5,89,8.4,57,5.4
South Carolina,"49,598",951,"55,392","1,062","46,112",896,45856,901.9,"2,570",49,"5,831",112,"4,850",94,4784,94.1,528,10.1,754,14.4,686,13.3,882,17.3,"1,991",38.2,"2,575",49.3,"2,323",45.1,2616,51.5,"1,368",26.2,"1,943",37.2,"1,610",31.3,1580,31.1,"2,560",49.1,"2,877",55.1,"2,703",52.5,2819,55.4,"2,384",45.7,"3,030",58.1,"2,899",56.3,2990,58.8,"9,858",188.9,"11,386",218.2,"10,579",205.5,10083,198.3,826,12.9,"1,663",31.9,"1,050",20.4,1049,20.6,500,9.6,"1,180",22.6,"1,064",20.7,1079,21.2,"1,139.00",21.8,473,9.1,570,11.1,579,11.4
South Dakota,"7,035",788,"9,039","1,013","7,523",850,7307,828.2,362,41,822,92,747,84,664,75.3,99,11.1,143,16,187,21.1,245,27.8,348,39,488,54.7,495,56,437,49.5,255,28.6,329,36.9,287,32.4,252,28.6,341,38.2,427,47.8,372,42.1,389,44.1,403,45.1,432,48.4,521,58.9,498,56.4,"1,459",163.4,"1,820",203.9,"1,840",208,1742,197.5,36,3.5,69,7.7,71,8,43,4.9,71,8,158,17.7,145,16.4,163,18.5,34,3.8,37,4.1,41,4.6,43,4.9
Tennessee,"71,924","1,044","75,838","1,101","64,983",952,64579,953.9,"3,971",58,"8,367",122,"6,952",102,6499,96,"1,005",14.6,"1,549",22.5,"1,332",19.5,1646,24.3,"2,504",36.4,"3,607",52.4,"3,252",47.6,3488,51.5,"2,314",33.6,"2,591",37.6,"2,161",31.6,2023,29.9,"3,230",46.9,"3,672",53.3,"3,435",50.3,3499,51.7,"3,828",55.6,"4,509",65.5,"4,556",66.7,4662,68.9,"15,620",226.8,"17,944",260.6,"16,814",246.2,16021,236.6,"1,576",18.9,"2,888",41.9,"1,953",28.6,1679,24.8,624,9.1,"1,331",19.3,"1,234",18.1,1152,17,"2,113.00",30.7,815,11.8,751,11,963,14.2
Texas,"216,222",736,"230,457",785,"185,611",640,185446,646.1,"9,166",31,"19,882",68,"17,751",61,16765,58.4,"2,430",8.3,"3,542",12.1,"3,158",10.9,3516,12.3,"9,152",31.2,"11,918",40.6,"10,101",34.8,9763,34,"6,925",23.6,"7,990",27.2,"6,889",23.8,5991,20.9,"10,375",35.3,"11,667",39.7,"10,807",37.3,10810,37.7,"8,648",29.5,"10,401",35.4,"10,797",37.2,10766,37.5,"42,982",146.4,"50,286",171.3,"46,139",159.1,45125,157.2,"1,996",5.5,"3,778",12.9,"2,767",9.5,2630,9.2,"1,906",6.5,"4,305",14.7,"4,104",14.2,3936,13.7,"4,634.00",15.8,"1,808.00",6.2,"1,685.00",5.8,2405,8.4
Utah,"17,523",539,"19,176",590,"16,596",518,16222,513.2,"1,056",33,"2,321",71,"2,140",67,2132,67.4,169,5.2,280,8.6,300,9.4,353,11.2,857,26.4,"1,116",34.3,980,30.6,1024,32.4,716,22,778,23.9,692,21.6,629,19.9,750,23.1,917,28.2,912,28.4,919,29.1,730,22.5,929,28.6,843,26.3,880,27.8,"3,689",113.5,"4,251",130.8,"3,882",121.1,3557,112.5,235,5.9,502,15.4,462,14.4,504,15.9,149,4.6,362,11.1,281,8.8,278,8.8,451,13.9,278,8.6,319,10,309,9.8
Vermont,"5,412",868,"5,817",933,"5,399",865,5406,863.2,280,45,642,103,557,89,621,99.2,29,4.7,56,9,52,8.3,87,13.9,290,46.5,280,44.9,315,50.5,333,53.2,137,22,153,24.5,136,21.8,156,24.9,241,38.7,263,42.2,269,43.1,263,42,264,42.4,345,55.3,342,54.8,353,56.4,"1,386",222.3,"1,522",244.2,"1,368",219.2,1310,209.2,83,10.9,171,27.4,114,18.3,135,21.6,29,4.7,74,11.9,65,10.4,79,12.6,100,16,28,4.5,34,5.4,43,6.9
Virginia,"70,094",816,"73,918",861,"64,593",757,63572,746.4,"2,384",28,"6,678",78,"5,732",67,5787,67.9,830,9.7,"1,178",13.7,"1,100",12.9,1283,15.1,"2,267",26.4,"2,861",33.3,"2,631",30.8,2592,30.4,"2,246",26.1,"2,586",30.1,"2,350",27.5,2286,26.8,"3,572",41.6,"4,091",47.6,"3,828",44.8,3778,44.4,"2,761",32.1,"3,447",40.1,"3,665",42.9,3465,40.7,"14,003",163,"15,681",182.5,"15,062",176.5,14054,165,485,5.4,"2,098",24.4,"1,411",16.5,1283,15.1,404,4.7,986,11.5,939,11,958,11.2,"3,219.00",37.5,736,8.6,730,8.6,677,7.9
Washington,"54,022",702,"57,136",743,"52,926",695,51697,686,"2,719",35,"6,010",78,"5,337",70,5180,68.7,435,5.7,778,10.1,877,11.5,930,12.3,"3,095",40.2,"3,704",48.1,"3,585",47.1,3752,49.8,"1,921",25,"2,072",26.9,"1,842",24.2,1779,23.6,"2,763",35.9,"3,087",40.1,"3,032",39.8,2891,38.4,"2,277",29.6,"2,723",35.4,"3,045",40,2998,39.8,"11,018",143.2,"12,084",157.1,"11,862",155.8,11289,149.8,859,9.3,"1,569",20.4,"1,085",14.2,996,13.2,299,3.9,773,10,730,9.6,722,9.6,"1,268.00",16.5,546,7.1,533,7,504,6.7
West Virginia,"19,539","1,095","23,287","1,305","21,022","1,173",21191,1173.5,"1,234",69,"2,819",158,"2,382",133,2287,126.6,299,16.8,447,25,402,22.4,539,29.8,629,35.2,932,52.2,832,46.4,791,43.8,821,46,"1,075",60.2,952,53.1,927,51.3,758,42.5,952,53.3,"1,035",57.8,990,54.8,"1,103",61.8,"1,609",90.2,"1,673",93.4,1723,95.4,"3,885",217.7,"5,130",287.4,"5,087",283.8,4900,271.3,588,27.9,"1,287",72.1,826,46.1,806,44.6,116,6.5,333,18.7,357,19.9,344,19,598,33.5,393,22,432,24.1,500,27.7
Wisconsin,"47,052",807,"56,677",972,"48,870",839,48653,836.9,"2,409",41,"6,029",103,"5,319",91,5031,86.5,453,7.8,734,12.6,758,13,1075,18.5,"2,009",34.4,"2,595",44.5,"2,390",41,2453,42.2,"1,441",24.7,"1,684",28.9,"1,548",26.6,1508,25.9,"2,309",39.6,"2,828",48.5,"2,488",42.7,2549,43.8,"2,090",35.8,"2,798",48,"2,846",48.9,2866,49.3,"10,939",187.5,"12,641",216.7,"12,241",210.2,11616,199.8,682,9.2,"1,414",24.2,"1,086",18.7,939,16.2,244,4.2,759,13,666,11.4,679,11.7,"1,020.00",17.5,266,4.6,294,5,268,4.6
Wyoming,"5,185",890,"5,371",922,"4,522",781,4526,783.4,230,40,612,105,599,104,544,94.2,72,12.4,81,13.9,99,17.1,128,22.2,180,30.9,227,39,238,41.1,277,47.9,142,24.4,148,25.4,132,22.8,145,25.1,181,31.1,221,38,221,38.2,220,38.1,313,53.7,401,68.9,381,65.8,411,71.1,958,164.5,"1,174",201.6,"1,067",184.4,1009,174.6,39,5,84,14.4,68,11.7,55,9.5,33,5.7,122,21,119,20.6,102,17.7,78,13.4,57,9.8,41,7.1,40,6.9
Puerto Rico,,,,,,,,,,,,,,,,,,,,,,,,,,,,,,,,,,,,,,,,,,,,,,,,,,,,,,,,,,,,,,,,,,,,,,,,,,,,,,,,,,,,,,,,
